Season,Competition,Date,Club
02/03,Liga Portugal,10/07/2002,Sporting CP
02/03,Liga Portugal,10/07/2002,Sporting CP
02/03,Liga Portugal,10/26/2002,Sporting CP
02/03,Taca de Portugal Placard,11/24/2002,Sporting CP
02/03,Taca de Portugal Placard,12/18/2002,Sporting CP
03/04,Premier League,11/01/2003,Manchester United
03/04,FA Cup,2/14/2004,Manchester United
03/04,Premier League,3/20/2004,Manchester United
03/04,Premier League,04/10/2004,Manchester United
03/04,Premier League,5/15/2004,Manchester United
03/04,FA Cup,5/22/2004,Manchester United
04/05,Premier League,12/04/2004,Manchester United
04/05,FA Cup,1/19/2005,Manchester United
04/05,Premier League,1/22/2005,Manchester United
04/05,Premier League,02/01/2005,Manchester United
04/05,Premier League,02/01/2005,Manchester United
04/05,FA Cup,2/19/2005,Manchester United
04/05,FA Cup,03/12/2005,Manchester United
04/05,Premier League,3/19/2005,Manchester United
04/05,FA Cup,4/17/2005,Manchester United
05/06,UEFA Champions League Qualifying,08/09/2005,Manchester United
05/06,Premier League,10/29/2005,Manchester United
05/06,EFL Cup,11/30/2005,Manchester United
05/06,Premier League,12/31/2005,Manchester United
05/06,Premier League,12/31/2005,Manchester United
05/06,Premier League,02/04/2006,Manchester United
05/06,Premier League,02/04/2006,Manchester United
05/06,Premier League,02/11/2006,Manchester United
05/06,Premier League,02/11/2006,Manchester United
05/06,EFL Cup,2/26/2006,Manchester United
05/06,Premier League,03/06/2006,Manchester United
05/06,Premier League,05/07/2006,Manchester United
06/07,Premier League,8/20/2006,Manchester United
06/07,Premier League,9/23/2006,Manchester United
06/07,Premier League,10/28/2006,Manchester United
06/07,Premier League,11/04/2006,Manchester United
06/07,Premier League,11/29/2006,Manchester United
06/07,Premier League,12/09/2006,Manchester United
06/07,Premier League,12/23/2006,Manchester United
06/07,Premier League,12/23/2006,Manchester United
06/07,Premier League,12/26/2006,Manchester United
06/07,Premier League,12/26/2006,Manchester United
06/07,Premier League,12/30/2006,Manchester United
06/07,Premier League,12/30/2006,Manchester United
06/07,Premier League,1/13/2007,Manchester United
06/07,Premier League,1/31/2007,Manchester United
06/07,Premier League,02/03/2007,Manchester United
06/07,Premier League,2/24/2007,Manchester United
06/07,FA Cup,03/10/2007,Manchester United
06/07,FA Cup,3/19/2007,Manchester United
06/07,UEFA Champions League,04/10/2007,Manchester United
06/07,UEFA Champions League,04/10/2007,Manchester United
06/07,FA Cup,4/14/2007,Manchester United
06/07,UEFA Champions League,4/24/2007,Manchester United
06/07,Premier League,05/05/2007,Manchester United
07/08,UEFA Champions League,9/19/2007,Manchester United
07/08,Premier League,9/29/2007,Manchester United
07/08,Premier League,10/06/2007,Manchester United
07/08,Premier League,10/06/2007,Manchester United
07/08,UEFA Champions League,10/23/2007,Manchester United
07/08,UEFA Champions League,10/23/2007,Manchester United
07/08,Premier League,11/03/2007,Manchester United
07/08,UEFA Champions League,11/07/2007,Manchester United
07/08,Premier League,11/11/2007,Manchester United
07/08,Premier League,11/11/2007,Manchester United
07/08,UEFA Champions League,11/27/2007,Manchester United
07/08,Premier League,12/03/2007,Manchester United
07/08,Premier League,12/03/2007,Manchester United
07/08,Premier League,12/08/2007,Manchester United
07/08,Premier League,12/23/2007,Manchester United
07/08,Premier League,12/23/2007,Manchester United
07/08,Premier League,12/26/2007,Manchester United
07/08,Premier League,12/29/2007,Manchester United
07/08,FA Cup,01/05/2008,Manchester United
07/08,Premier League,01/12/2008,Manchester United
07/08,Premier League,01/12/2008,Manchester United
07/08,Premier League,01/12/2008,Manchester United
07/08,Premier League,1/19/2008,Manchester United
07/08,FA Cup,1/27/2008,Manchester United
07/08,FA Cup,1/27/2008,Manchester United
07/08,Premier League,1/30/2008,Manchester United
07/08,Premier League,1/30/2008,Manchester United
07/08,Premier League,2/23/2008,Manchester United
07/08,Premier League,2/23/2008,Manchester United
07/08,UEFA Champions League,03/04/2008,Manchester United
07/08,Premier League,3/15/2008,Manchester United
07/08,Premier League,3/19/2008,Manchester United
07/08,Premier League,3/19/2008,Manchester United
07/08,Premier League,3/23/2008,Manchester United
07/08,Premier League,3/29/2008,Manchester United
07/08,UEFA Champions League,04/01/2008,Manchester United
07/08,Premier League,04/06/2008,Manchester United
07/08,Premier League,4/13/2008,Manchester United
07/08,Premier League,05/03/2008,Manchester United
07/08,Premier League,05/03/2008,Manchester United
07/08,Premier League,05/11/2008,Manchester United
07/08,UEFA Champions League,5/21/2008,Manchester United
08/09,EFL Cup,9/23/2008,Manchester United
08/09,Premier League,9/27/2008,Manchester United
08/09,Premier League,10/18/2008,Manchester United
08/09,Premier League,10/29/2008,Manchester United
08/09,Premier League,10/29/2008,Manchester United
08/09,Premier League,11/01/2008,Manchester United
08/09,Premier League,11/01/2008,Manchester United
08/09,Premier League,11/15/2008,Manchester United
08/09,Premier League,11/15/2008,Manchester United
08/09,FIFA Club World Cup,12/18/2008,Manchester United
08/09,EFL Cup,1/20/2009,Manchester United
08/09,Premier League,1/27/2009,Manchester United
08/09,Premier League,1/27/2009,Manchester United
08/09,Premier League,1/31/2009,Manchester United
08/09,FA Cup,2/15/2009,Manchester United
08/09,Premier League,2/21/2009,Manchester United
08/09,UEFA Champions League,03/11/2009,Manchester United
08/09,Premier League,3/14/2009,Manchester United
08/09,Premier League,04/05/2009,Manchester United
08/09,Premier League,04/05/2009,Manchester United
08/09,UEFA Champions League,4/15/2009,Manchester United
08/09,Premier League,4/25/2009,Manchester United
08/09,Premier League,4/25/2009,Manchester United
08/09,UEFA Champions League,05/05/2009,Manchester United
08/09,UEFA Champions League,05/05/2009,Manchester United
08/09,Premier League,05/10/2009,Manchester United
09/10,LaLiga,8/29/2009,Real Madrid
09/10,LaLiga,09/12/2009,Real Madrid
09/10,UEFA Champions League,9/15/2009,Real Madrid
09/10,UEFA Champions League,9/15/2009,Real Madrid
09/10,LaLiga,9/20/2009,Real Madrid
09/10,LaLiga,9/20/2009,Real Madrid
09/10,LaLiga,9/23/2009,Real Madrid
09/10,UEFA Champions League,9/30/2009,Real Madrid
09/10,UEFA Champions League,9/30/2009,Real Madrid
09/10,LaLiga,12/05/2009,Real Madrid
09/10,UEFA Champions League,12/08/2009,Real Madrid
09/10,UEFA Champions League,12/08/2009,Real Madrid
09/10,LaLiga,12/19/2009,Real Madrid
09/10,LaLiga,1/24/2010,Real Madrid
09/10,LaLiga,1/24/2010,Real Madrid
09/10,LaLiga,2/13/2010,Real Madrid
09/10,LaLiga,2/13/2010,Real Madrid
09/10,LaLiga,2/21/2010,Real Madrid
09/10,LaLiga,2/27/2010,Real Madrid
09/10,LaLiga,03/06/2010,Real Madrid
09/10,UEFA Champions League,03/10/2010,Real Madrid
09/10,LaLiga,3/14/2010,Real Madrid
09/10,LaLiga,3/25/2010,Real Madrid
09/10,LaLiga,3/25/2010,Real Madrid
09/10,LaLiga,04/04/2010,Real Madrid
09/10,LaLiga,4/15/2010,Real Madrid
09/10,LaLiga,4/18/2010,Real Madrid
09/10,LaLiga,05/02/2010,Real Madrid
09/10,LaLiga,05/02/2010,Real Madrid
09/10,LaLiga,05/05/2010,Real Madrid
09/10,LaLiga,05/05/2010,Real Madrid
09/10,LaLiga,05/05/2010,Real Madrid
09/10,LaLiga,05/08/2010,Real Madrid
10/11,LaLiga,9/21/2010,Real Madrid
10/11,LaLiga,10/03/2010,Real Madrid
10/11,LaLiga,10/03/2010,Real Madrid
10/11,LaLiga,10/16/2010,Real Madrid
10/11,LaLiga,10/16/2010,Real Madrid
10/11,UEFA Champions League,10/19/2010,Real Madrid
10/11,LaLiga,10/23/2010,Real Madrid
10/11,LaLiga,10/23/2010,Real Madrid
10/11,LaLiga,10/23/2010,Real Madrid
10/11,LaLiga,10/23/2010,Real Madrid
10/11,LaLiga,10/30/2010,Real Madrid
10/11,LaLiga,10/30/2010,Real Madrid
10/11,Copa del Rey,11/10/2010,Real Madrid
10/11,LaLiga,11/20/2010,Real Madrid
10/11,LaLiga,11/20/2010,Real Madrid
10/11,LaLiga,11/20/2010,Real Madrid
10/11,UEFA Champions League,11/23/2010,Real Madrid
10/11,UEFA Champions League,11/23/2010,Real Madrid
10/11,LaLiga,12/04/2010,Real Madrid
10/11,LaLiga,12/04/2010,Real Madrid
10/11,UEFA Champions League,12/08/2010,Real Madrid
10/11,LaLiga,12/12/2010,Real Madrid
10/11,Copa del Rey,12/22/2010,Real Madrid
10/11,Copa del Rey,12/22/2010,Real Madrid
10/11,Copa del Rey,12/22/2010,Real Madrid
10/11,LaLiga,01/03/2011,Real Madrid
10/11,LaLiga,01/03/2011,Real Madrid
10/11,LaLiga,01/09/2011,Real Madrid
10/11,LaLiga,01/09/2011,Real Madrid
10/11,LaLiga,01/09/2011,Real Madrid
10/11,Copa del Rey,1/13/2011,Real Madrid
10/11,Copa del Rey,1/20/2011,Real Madrid
10/11,LaLiga,02/06/2011,Real Madrid
10/11,LaLiga,02/06/2011,Real Madrid
10/11,LaLiga,03/03/2011,Real Madrid
10/11,LaLiga,03/03/2011,Real Madrid
10/11,LaLiga,03/03/2011,Real Madrid
10/11,UEFA Champions League,04/05/2011,Real Madrid
10/11,LaLiga,04/09/2011,Real Madrid
10/11,UEFA Champions League,4/13/2011,Real Madrid
10/11,LaLiga,4/16/2011,Real Madrid
10/11,Copa del Rey,4/20/2011,Real Madrid
10/11,LaLiga,05/07/2011,Real Madrid
10/11,LaLiga,05/07/2011,Real Madrid
10/11,LaLiga,05/07/2011,Real Madrid
10/11,LaLiga,05/07/2011,Real Madrid
10/11,LaLiga,05/10/2011,Real Madrid
10/11,LaLiga,05/10/2011,Real Madrid
10/11,LaLiga,05/10/2011,Real Madrid
10/11,LaLiga,5/15/2011,Real Madrid
10/11,LaLiga,5/15/2011,Real Madrid
10/11,LaLiga,5/21/2011,Real Madrid
10/11,LaLiga,5/21/2011,Real Madrid
11/12,Supercopa,8/17/2011,Real Madrid
11/12,LaLiga,8/28/2011,Real Madrid
11/12,LaLiga,8/28/2011,Real Madrid
11/12,LaLiga,8/28/2011,Real Madrid
11/12,LaLiga,09/10/2011,Real Madrid
11/12,LaLiga,9/24/2011,Real Madrid
11/12,LaLiga,9/24/2011,Real Madrid
11/12,LaLiga,9/24/2011,Real Madrid
11/12,UEFA Champions League,9/27/2011,Real Madrid
11/12,LaLiga,10/22/2011,Real Madrid
11/12,LaLiga,10/22/2011,Real Madrid
11/12,LaLiga,10/22/2011,Real Madrid
11/12,UEFA Champions League,11/02/2011,Real Madrid
11/12,UEFA Champions League,11/02/2011,Real Madrid
11/12,LaLiga,11/06/2011,Real Madrid
11/12,LaLiga,11/06/2011,Real Madrid
11/12,LaLiga,11/06/2011,Real Madrid
11/12,LaLiga,11/19/2011,Real Madrid
11/12,LaLiga,11/26/2011,Real Madrid
11/12,LaLiga,11/26/2011,Real Madrid
11/12,LaLiga,12/03/2011,Real Madrid
11/12,Copa del Rey,12/13/2011,Real Madrid
11/12,LaLiga,12/17/2011,Real Madrid
11/12,LaLiga,12/17/2011,Real Madrid
11/12,LaLiga,12/17/2011,Real Madrid
11/12,LaLiga,01/07/2012,Real Madrid
11/12,Copa del Rey,1/18/2012,Real Madrid
11/12,LaLiga,1/22/2012,Real Madrid
11/12,LaLiga,1/22/2012,Real Madrid
11/12,Copa del Rey,1/25/2012,Real Madrid
11/12,LaLiga,1/28/2012,Real Madrid
11/12,LaLiga,02/12/2012,Real Madrid
11/12,LaLiga,02/12/2012,Real Madrid
11/12,LaLiga,02/12/2012,Real Madrid
11/12,LaLiga,2/18/2012,Real Madrid
11/12,UEFA Champions League,2/21/2012,Real Madrid
11/12,LaLiga,2/26/2012,Real Madrid
11/12,LaLiga,03/04/2012,Real Madrid
11/12,LaLiga,03/10/2012,Real Madrid
11/12,LaLiga,03/10/2012,Real Madrid
11/12,UEFA Champions League,3/14/2012,Real Madrid
11/12,UEFA Champions League,3/14/2012,Real Madrid
11/12,LaLiga,3/21/2012,Real Madrid
11/12,LaLiga,3/24/2012,Real Madrid
11/12,LaLiga,3/24/2012,Real Madrid
11/12,LaLiga,3/31/2012,Real Madrid
11/12,LaLiga,3/31/2012,Real Madrid
11/12,UEFA Champions League,04/04/2012,Real Madrid
11/12,UEFA Champions League,04/04/2012,Real Madrid
11/12,LaLiga,04/11/2012,Real Madrid
11/12,LaLiga,04/11/2012,Real Madrid
11/12,LaLiga,04/11/2012,Real Madrid
11/12,LaLiga,4/14/2012,Real Madrid
11/12,LaLiga,4/21/2012,Real Madrid
11/12,UEFA Champions League,4/25/2012,Real Madrid
11/12,UEFA Champions League,4/25/2012,Real Madrid
11/12,LaLiga,4/29/2012,Real Madrid
11/12,LaLiga,05/02/2012,Real Madrid
11/12,LaLiga,05/05/2012,Real Madrid
11/12,LaLiga,5/13/2012,Real Madrid
12/13,Supercopa,8/23/2012,Real Madrid
12/13,Supercopa,8/29/2012,Real Madrid
12/13,LaLiga,09/02/2012,Real Madrid
12/13,LaLiga,09/02/2012,Real Madrid
12/13,UEFA Champions League,9/18/2012,Real Madrid
12/13,LaLiga,9/24/2012,Real Madrid
12/13,LaLiga,9/30/2012,Real Madrid
12/13,LaLiga,9/30/2012,Real Madrid
12/13,LaLiga,9/30/2012,Real Madrid
12/13,UEFA Champions League,10/03/2012,Real Madrid
12/13,UEFA Champions League,10/03/2012,Real Madrid
12/13,UEFA Champions League,10/03/2012,Real Madrid
12/13,LaLiga,10/07/2012,Real Madrid
12/13,LaLiga,10/07/2012,Real Madrid
12/13,LaLiga,10/20/2012,Real Madrid
12/13,UEFA Champions League,10/24/2012,Real Madrid
12/13,LaLiga,10/28/2012,Real Madrid
12/13,LaLiga,10/28/2012,Real Madrid
12/13,LaLiga,11/11/2012,Real Madrid
12/13,LaLiga,12/01/2012,Real Madrid
12/13,UEFA Champions League,12/04/2012,Real Madrid
12/13,Copa del Rey,12/12/2012,Real Madrid
12/13,LaLiga,12/16/2012,Real Madrid
12/13,LaLiga,01/06/2013,Real Madrid
12/13,LaLiga,01/06/2013,Real Madrid
12/13,Copa del Rey,01/09/2013,Real Madrid
12/13,Copa del Rey,01/09/2013,Real Madrid
12/13,Copa del Rey,01/09/2013,Real Madrid
12/13,LaLiga,1/20/2013,Real Madrid
12/13,LaLiga,1/20/2013,Real Madrid
12/13,LaLiga,1/27/2013,Real Madrid
12/13,LaLiga,1/27/2013,Real Madrid
12/13,LaLiga,1/27/2013,Real Madrid
12/13,LaLiga,02/09/2013,Real Madrid
12/13,LaLiga,02/09/2013,Real Madrid
12/13,LaLiga,02/09/2013,Real Madrid
12/13,UEFA Champions League,2/13/2013,Real Madrid
12/13,Copa del Rey,2/26/2013,Real Madrid
12/13,Copa del Rey,2/26/2013,Real Madrid
12/13,UEFA Champions League,03/05/2013,Real Madrid
12/13,LaLiga,03/10/2013,Real Madrid
12/13,LaLiga,03/10/2013,Real Madrid
12/13,LaLiga,3/16/2013,Real Madrid
12/13,LaLiga,3/30/2013,Real Madrid
12/13,UEFA Champions League,04/03/2013,Real Madrid
12/13,LaLiga,04/06/2013,Real Madrid
12/13,UEFA Champions League,04/09/2013,Real Madrid
12/13,UEFA Champions League,04/09/2013,Real Madrid
12/13,LaLiga,4/14/2013,Real Madrid
12/13,LaLiga,4/14/2013,Real Madrid
12/13,UEFA Champions League,4/24/2013,Real Madrid
12/13,LaLiga,05/04/2013,Real Madrid
12/13,LaLiga,05/04/2013,Real Madrid
12/13,LaLiga,05/08/2013,Real Madrid
12/13,Copa del Rey,5/17/2013,Real Madrid
13/14,LaLiga,09/01/2013,Real Madrid
13/14,LaLiga,9/14/2013,Real Madrid
13/14,UEFA Champions League,9/17/2013,Real Madrid
13/14,UEFA Champions League,9/17/2013,Real Madrid
13/14,UEFA Champions League,9/17/2013,Real Madrid
13/14,LaLiga,9/22/2013,Real Madrid
13/14,LaLiga,9/22/2013,Real Madrid
13/14,LaLiga,9/25/2013,Real Madrid
13/14,LaLiga,9/25/2013,Real Madrid
13/14,UEFA Champions League,10/02/2013,Real Madrid
13/14,UEFA Champions League,10/02/2013,Real Madrid
13/14,LaLiga,10/05/2013,Real Madrid
13/14,LaLiga,10/19/2013,Real Madrid
13/14,UEFA Champions League,10/23/2013,Real Madrid
13/14,UEFA Champions League,10/23/2013,Real Madrid
13/14,LaLiga,10/30/2013,Real Madrid
13/14,LaLiga,10/30/2013,Real Madrid
13/14,LaLiga,10/30/2013,Real Madrid
13/14,LaLiga,11/02/2013,Real Madrid
13/14,LaLiga,11/02/2013,Real Madrid
13/14,UEFA Champions League,11/05/2013,Real Madrid
13/14,LaLiga,11/09/2013,Real Madrid
13/14,LaLiga,11/09/2013,Real Madrid
13/14,LaLiga,11/09/2013,Real Madrid
13/14,LaLiga,11/23/2013,Real Madrid
13/14,UEFA Champions League,12/10/2013,Real Madrid
13/14,LaLiga,12/22/2013,Real Madrid
13/14,LaLiga,01/06/2014,Real Madrid
13/14,LaLiga,01/06/2014,Real Madrid
13/14,Copa del Rey,1/15/2014,Real Madrid
13/14,LaLiga,1/18/2014,Real Madrid
13/14,LaLiga,1/25/2014,Real Madrid
13/14,Copa del Rey,02/11/2014,Real Madrid
13/14,Copa del Rey,02/11/2014,Real Madrid
13/14,UEFA Champions League,2/26/2014,Real Madrid
13/14,UEFA Champions League,2/26/2014,Real Madrid
13/14,LaLiga,03/02/2014,Real Madrid
13/14,LaLiga,03/09/2014,Real Madrid
13/14,LaLiga,3/15/2014,Real Madrid
13/14,UEFA Champions League,3/18/2014,Real Madrid
13/14,UEFA Champions League,3/18/2014,Real Madrid
13/14,LaLiga,3/23/2014,Real Madrid
13/14,LaLiga,3/26/2014,Real Madrid
13/14,LaLiga,3/29/2014,Real Madrid
13/14,UEFA Champions League,04/02/2014,Real Madrid
13/14,LaLiga,4/26/2014,Real Madrid
13/14,LaLiga,4/26/2014,Real Madrid
13/14,UEFA Champions League,4/29/2014,Real Madrid
13/14,UEFA Champions League,4/29/2014,Real Madrid
13/14,LaLiga,05/04/2014,Real Madrid
13/14,UEFA Champions League,5/24/2014,Real Madrid
14/15,UEFA Super Cup,08/12/2014,Real Madrid
14/15,UEFA Super Cup,08/12/2014,Real Madrid
14/15,LaLiga,8/25/2014,Real Madrid
14/15,LaLiga,9/13/2014,Real Madrid
14/15,UEFA Champions League,9/16/2014,Real Madrid
14/15,LaLiga,9/20/2014,Real Madrid
14/15,LaLiga,9/20/2014,Real Madrid
14/15,LaLiga,9/20/2014,Real Madrid
14/15,LaLiga,9/23/2014,Real Madrid
14/15,LaLiga,9/23/2014,Real Madrid
14/15,LaLiga,9/23/2014,Real Madrid
14/15,LaLiga,9/23/2014,Real Madrid
14/15,LaLiga,9/27/2014,Real Madrid
14/15,UEFA Champions League,10/01/2014,Real Madrid
14/15,LaLiga,10/05/2014,Real Madrid
14/15,LaLiga,10/05/2014,Real Madrid
14/15,LaLiga,10/05/2014,Real Madrid
14/15,LaLiga,10/18/2014,Real Madrid
14/15,LaLiga,10/18/2014,Real Madrid
14/15,UEFA Champions League,10/22/2014,Real Madrid
14/15,LaLiga,10/25/2014,Real Madrid
14/15,LaLiga,11/01/2014,Real Madrid
14/15,LaLiga,11/08/2014,Real Madrid
14/15,LaLiga,11/22/2014,Real Madrid
14/15,LaLiga,11/22/2014,Real Madrid
14/15,UEFA Champions League,11/26/2014,Real Madrid
14/15,LaLiga,12/06/2014,Real Madrid
14/15,LaLiga,12/06/2014,Real Madrid
14/15,LaLiga,12/06/2014,Real Madrid
14/15,UEFA Champions League,12/09/2014,Real Madrid
14/15,LaLiga,12/12/2014,Real Madrid
14/15,LaLiga,12/12/2014,Real Madrid
14/15,LaLiga,01/04/2015,Real Madrid
14/15,Copa del Rey,1/15/2015,Real Madrid
14/15,LaLiga,1/18/2015,Real Madrid
14/15,LaLiga,1/18/2015,Real Madrid
14/15,UEFA Champions League,2/18/2015,Real Madrid
14/15,LaLiga,2/22/2015,Real Madrid
14/15,LaLiga,03/01/2015,Real Madrid
14/15,UEFA Champions League,03/10/2015,Real Madrid
14/15,UEFA Champions League,03/10/2015,Real Madrid
14/15,LaLiga,3/22/2015,Real Madrid
14/15,LaLiga,04/05/2015,Real Madrid
14/15,LaLiga,04/05/2015,Real Madrid
14/15,LaLiga,04/05/2015,Real Madrid
14/15,LaLiga,04/05/2015,Real Madrid
14/15,LaLiga,04/05/2015,Real Madrid
14/15,LaLiga,04/08/2015,Real Madrid
14/15,LaLiga,04/11/2015,Real Madrid
14/15,LaLiga,4/18/2015,Real Madrid
14/15,LaLiga,05/02/2015,Real Madrid
14/15,LaLiga,05/02/2015,Real Madrid
14/15,LaLiga,05/02/2015,Real Madrid
14/15,UEFA Champions League,05/05/2015,Real Madrid
14/15,UEFA Champions League,5/13/2015,Real Madrid
14/15,LaLiga,5/17/2015,Real Madrid
14/15,LaLiga,5/17/2015,Real Madrid
14/15,LaLiga,5/17/2015,Real Madrid
14/15,LaLiga,5/23/2015,Real Madrid
14/15,LaLiga,5/23/2015,Real Madrid
14/15,LaLiga,5/23/2015,Real Madrid
15/16,LaLiga,09/12/2015,Real Madrid
15/16,LaLiga,09/12/2015,Real Madrid
15/16,LaLiga,09/12/2015,Real Madrid
15/16,LaLiga,09/12/2015,Real Madrid
15/16,LaLiga,09/12/2015,Real Madrid
15/16,UEFA Champions League,9/15/2015,Real Madrid
15/16,UEFA Champions League,9/15/2015,Real Madrid
15/16,UEFA Champions League,9/15/2015,Real Madrid
15/16,UEFA Champions League,9/30/2015,Real Madrid
15/16,UEFA Champions League,9/30/2015,Real Madrid
15/16,LaLiga,10/17/2015,Real Madrid
15/16,LaLiga,10/24/2015,Real Madrid
15/16,LaLiga,10/31/2015,Real Madrid
15/16,UEFA Champions League,11/25/2015,Real Madrid
15/16,UEFA Champions League,11/25/2015,Real Madrid
15/16,LaLiga,11/29/2015,Real Madrid
15/16,LaLiga,12/05/2015,Real Madrid
15/16,UEFA Champions League,12/08/2015,Real Madrid
15/16,UEFA Champions League,12/08/2015,Real Madrid
15/16,UEFA Champions League,12/08/2015,Real Madrid
15/16,UEFA Champions League,12/08/2015,Real Madrid
15/16,LaLiga,12/20/2015,Real Madrid
15/16,LaLiga,12/20/2015,Real Madrid
15/16,LaLiga,12/30/2015,Real Madrid
15/16,LaLiga,12/30/2015,Real Madrid
15/16,LaLiga,1/17/2016,Real Madrid
15/16,LaLiga,1/17/2016,Real Madrid
15/16,LaLiga,1/31/2016,Real Madrid
15/16,LaLiga,1/31/2016,Real Madrid
15/16,LaLiga,1/31/2016,Real Madrid
15/16,LaLiga,2/13/2016,Real Madrid
15/16,LaLiga,2/13/2016,Real Madrid
15/16,UEFA Champions League,2/17/2016,Real Madrid
15/16,LaLiga,2/21/2016,Real Madrid
15/16,LaLiga,03/02/2016,Real Madrid
15/16,LaLiga,03/05/2016,Real Madrid
15/16,LaLiga,03/05/2016,Real Madrid
15/16,LaLiga,03/05/2016,Real Madrid
15/16,LaLiga,03/05/2016,Real Madrid
15/16,UEFA Champions League,03/08/2016,Real Madrid
15/16,LaLiga,3/20/2016,Real Madrid
15/16,LaLiga,04/02/2016,Real Madrid
15/16,LaLiga,04/09/2016,Real Madrid
15/16,UEFA Champions League,04/12/2016,Real Madrid
15/16,UEFA Champions League,04/12/2016,Real Madrid
15/16,UEFA Champions League,04/12/2016,Real Madrid
15/16,LaLiga,4/16/2016,Real Madrid
15/16,LaLiga,05/08/2016,Real Madrid
15/16,LaLiga,05/08/2016,Real Madrid
15/16,LaLiga,5/14/2016,Real Madrid
15/16,LaLiga,5/14/2016,Real Madrid
16/17,LaLiga,09/10/2016,Real Madrid
16/17,UEFA Champions League,9/14/2016,Real Madrid
16/17,UEFA Champions League,9/27/2016,Real Madrid
16/17,LaLiga,10/15/2016,Real Madrid
16/17,LaLiga,10/29/2016,Real Madrid
16/17,LaLiga,10/29/2016,Real Madrid
16/17,LaLiga,10/29/2016,Real Madrid
16/17,LaLiga,11/19/2016,Real Madrid
16/17,LaLiga,11/19/2016,Real Madrid
16/17,LaLiga,11/19/2016,Real Madrid
16/17,LaLiga,11/26/2016,Real Madrid
16/17,LaLiga,11/26/2016,Real Madrid
16/17,FIFA Club World Cup,12/15/2016,Real Madrid
16/17,FIFA Club World Cup,12/18/2016,Real Madrid
16/17,FIFA Club World Cup,12/18/2016,Real Madrid
16/17,FIFA Club World Cup,12/18/2016,Real Madrid
16/17,LaLiga,01/07/2017,Real Madrid
16/17,LaLiga,1/15/2017,Real Madrid
16/17,Copa del Rey,1/25/2017,Real Madrid
16/17,LaLiga,1/29/2017,Real Madrid
16/17,LaLiga,02/11/2017,Real Madrid
16/17,LaLiga,2/22/2017,Real Madrid
16/17,LaLiga,2/26/2017,Real Madrid
16/17,LaLiga,03/01/2017,Real Madrid
16/17,LaLiga,03/01/2017,Real Madrid
16/17,LaLiga,03/12/2017,Real Madrid
16/17,UEFA Champions League,04/12/2017,Real Madrid
16/17,UEFA Champions League,04/12/2017,Real Madrid
16/17,UEFA Champions League,4/18/2017,Real Madrid
16/17,UEFA Champions League,4/18/2017,Real Madrid
16/17,UEFA Champions League,4/18/2017,Real Madrid
16/17,LaLiga,4/29/2017,Real Madrid
16/17,UEFA Champions League,05/02/2017,Real Madrid
16/17,UEFA Champions League,05/02/2017,Real Madrid
16/17,UEFA Champions League,05/02/2017,Real Madrid
16/17,LaLiga,5/14/2017,Real Madrid
16/17,LaLiga,5/14/2017,Real Madrid
16/17,LaLiga,5/17/2017,Real Madrid
16/17,LaLiga,5/17/2017,Real Madrid
16/17,LaLiga,5/21/2017,Real Madrid
16/17,UEFA Champions League,06/03/2017,Real Madrid
16/17,UEFA Champions League,06/03/2017,Real Madrid
17/18,Supercopa,8/13/2017,Real Madrid
17/18,UEFA Champions League,9/13/2017,Real Madrid
17/18,UEFA Champions League,9/13/2017,Real Madrid
17/18,UEFA Champions League,9/26/2017,Real Madrid
17/18,UEFA Champions League,9/26/2017,Real Madrid
17/18,LaLiga,10/14/2017,Real Madrid
17/18,UEFA Champions League,10/17/2017,Real Madrid
17/18,UEFA Champions League,11/01/2017,Real Madrid
17/18,UEFA Champions League,11/21/2017,Real Madrid
17/18,UEFA Champions League,11/21/2017,Real Madrid
17/18,LaLiga,11/25/2017,Real Madrid
17/18,UEFA Champions League,12/06/2017,Real Madrid
17/18,LaLiga,12/09/2017,Real Madrid
17/18,LaLiga,12/09/2017,Real Madrid
17/18,FIFA Club World Cup,12/13/2017,Real Madrid
17/18,FIFA Club World Cup,12/16/2017,Real Madrid
17/18,LaLiga,1/21/2018,Real Madrid
17/18,LaLiga,1/21/2018,Real Madrid
17/18,LaLiga,1/27/2018,Real Madrid
17/18,LaLiga,1/27/2018,Real Madrid
17/18,LaLiga,02/10/2018,Real Madrid
17/18,LaLiga,02/10/2018,Real Madrid
17/18,LaLiga,02/10/2018,Real Madrid
17/18,UEFA Champions League,2/14/2018,Real Madrid
17/18,UEFA Champions League,2/14/2018,Real Madrid
17/18,LaLiga,2/18/2018,Real Madrid
17/18,LaLiga,2/24/2018,Real Madrid
17/18,LaLiga,2/24/2018,Real Madrid
17/18,LaLiga,03/03/2018,Real Madrid
17/18,LaLiga,03/03/2018,Real Madrid
17/18,UEFA Champions League,03/06/2018,Real Madrid
17/18,LaLiga,03/10/2018,Real Madrid
17/18,LaLiga,03/10/2018,Real Madrid
17/18,LaLiga,3/18/2018,Real Madrid
17/18,LaLiga,3/18/2018,Real Madrid
17/18,LaLiga,3/18/2018,Real Madrid
17/18,LaLiga,3/18/2018,Real Madrid
17/18,UEFA Champions League,04/03/2018,Real Madrid
17/18,UEFA Champions League,04/03/2018,Real Madrid
17/18,LaLiga,04/08/2018,Real Madrid
17/18,UEFA Champions League,04/11/2018,Real Madrid
17/18,LaLiga,4/18/2018,Real Madrid
17/18,LaLiga,05/06/2018,Real Madrid
17/18,LaLiga,5/19/2018,Real Madrid
18/19,Serie A,9/16/2018,Juventus FC
18/19,Serie A,9/16/2018,Juventus FC
18/19,Serie A,9/23/2018,Juventus FC
18/19,Serie A,10/06/2018,Juventus FC
18/19,Serie A,10/20/2018,Juventus FC
18/19,Serie A,10/27/2018,Juventus FC
18/19,Serie A,10/27/2018,Juventus FC
18/19,UEFA Champions League,11/07/2018,Juventus FC
18/19,Serie A,11/11/2018,Juventus FC
18/19,Serie A,11/24/2018,Juventus FC
18/19,Serie A,12/01/2018,Juventus FC
18/19,Serie A,12/15/2018,Juventus FC
18/19,Serie A,12/26/2018,Juventus FC
18/19,Serie A,12/29/2018,Juventus FC
18/19,Serie A,12/29/2018,Juventus FC
18/19,Supercoppa Italiana,1/16/2019,Juventus FC
18/19,Serie A,1/27/2019,Juventus FC
18/19,Serie A,02/02/2019,Juventus FC
18/19,Serie A,02/02/2019,Juventus FC
18/19,Serie A,02/10/2019,Juventus FC
18/19,Serie A,2/15/2019,Juventus FC
18/19,UEFA Champions League,03/12/2019,Juventus FC
18/19,UEFA Champions League,03/12/2019,Juventus FC
18/19,UEFA Champions League,03/12/2019,Juventus FC
18/19,UEFA Champions League,04/10/2019,Juventus FC
18/19,UEFA Champions League,4/16/2019,Juventus FC
18/19,Serie A,4/27/2019,Juventus FC
18/19,Serie A,05/03/2019,Juventus FC
19/20,Serie A,8/31/2019,Juventus FC
19/20,Serie A,9/21/2019,Juventus FC
19/20,Serie A,9/28/2019,Juventus FC
19/20,UEFA Champions League,10/01/2019,Juventus FC
19/20,Serie A,10/19/2019,Juventus FC
19/20,Serie A,10/30/2019,Juventus FC
19/20,Serie A,12/01/2019,Juventus FC
19/20,Serie A,12/07/2019,Juventus FC
19/20,UEFA Champions League,12/11/2019,Juventus FC
19/20,Serie A,12/15/2019,Juventus FC
19/20,Serie A,12/15/2019,Juventus FC
19/20,Serie A,12/18/2019,Juventus FC
19/20,Serie A,01/06/2020,Juventus FC
19/20,Serie A,01/06/2020,Juventus FC
19/20,Serie A,01/06/2020,Juventus FC
19/20,Serie A,01/12/2020,Juventus FC
19/20,Serie A,1/19/2020,Juventus FC
19/20,Serie A,1/19/2020,Juventus FC
19/20,Italy Cup,1/22/2020,Juventus FC
19/20,Serie A,1/26/2020,Juventus FC
19/20,Serie A,02/02/2020,Juventus FC
19/20,Serie A,02/02/2020,Juventus FC
19/20,Serie A,02/08/2020,Juventus FC
19/20,Italy Cup,2/13/2020,Juventus FC
19/20,Serie A,2/22/2020,Juventus FC
19/20,Serie A,6/22/2020,Juventus FC
19/20,Serie A,6/26/2020,Juventus FC
19/20,Serie A,6/30/2020,Juventus FC
19/20,Serie A,07/04/2020,Juventus FC
19/20,Serie A,07/07/2020,Juventus FC
19/20,Serie A,07/11/2020,Juventus FC
19/20,Serie A,07/11/2020,Juventus FC
19/20,Serie A,7/20/2020,Juventus FC
19/20,Serie A,7/20/2020,Juventus FC
19/20,Serie A,7/26/2020,Juventus FC
19/20,UEFA Champions League,08/07/2020,Juventus FC
19/20,UEFA Champions League,08/07/2020,Juventus FC
20/21,Serie A,9/20/2020,Juventus FC
20/21,Serie A,9/27/2020,Juventus FC
20/21,Serie A,9/27/2020,Juventus FC
20/21,Serie A,11/01/2020,Juventus FC
20/21,Serie A,11/01/2020,Juventus FC
20/21,Serie A,11/08/2020,Juventus FC
20/21,Serie A,11/21/2020,Juventus FC
20/21,Serie A,11/21/2020,Juventus FC
20/21,UEFA Champions League,11/24/2020,Juventus FC
20/21,UEFA Champions League,12/02/2020,Juventus FC
20/21,UEFA Champions League,12/08/2020,Juventus FC
20/21,UEFA Champions League,12/08/2020,Juventus FC
20/21,Serie A,12/13/2020,Juventus FC
20/21,Serie A,12/13/2020,Juventus FC
20/21,Serie A,12/19/2020,Juventus FC
20/21,Serie A,12/19/2020,Juventus FC
20/21,Serie A,01/03/2021,Juventus FC
20/21,Serie A,01/03/2021,Juventus FC
20/21,Serie A,01/10/2021,Juventus FC
20/21,Supercoppa Italiana,1/20/2021,Juventus FC
20/21,Italy Cup,02/02/2021,Juventus FC
20/21,Italy Cup,02/02/2021,Juventus FC
20/21,Serie A,02/06/2021,Juventus FC
20/21,Serie A,2/22/2021,Juventus FC
20/21,Serie A,2/22/2021,Juventus FC
20/21,Serie A,2/27/2021,Juventus FC
20/21,Serie A,03/02/2021,Juventus FC
20/21,Serie A,3/14/2021,Juventus FC
20/21,Serie A,3/14/2021,Juventus FC
20/21,Serie A,3/14/2021,Juventus FC
20/21,Serie A,04/03/2021,Juventus FC
20/21,Serie A,04/07/2021,Juventus FC
20/21,Serie A,05/02/2021,Juventus FC
20/21,Serie A,05/02/2021,Juventus FC
20/21,Serie A,05/12/2021,Juventus FC
20/21,Serie A,5/15/2021,Juventus FC
21/22,Premier League,09/11/2021,Manchester United
21/22,Premier League,09/11/2021,Manchester United
21/22,UEFA Champions League,9/14/2021,Manchester United
21/22,Premier League,9/19/2021,Manchester United
21/22,UEFA Champions League,9/29/2021,Manchester United
21/22,UEFA Champions League,10/20/2021,Manchester United
21/22,Premier League,10/30/2021,Manchester United
21/22,UEFA Champions League,11/02/2021,Manchester United
21/22,UEFA Champions League,11/02/2021,Manchester United
21/22,UEFA Champions League,11/23/2021,Manchester United
21/22,Premier League,12/02/2021,Manchester United
21/22,Premier League,12/02/2021,Manchester United
21/22,Premier League,12/11/2021,Manchester United
21/22,Premier League,12/30/2021,Manchester United
21/22,Premier League,2/15/2022,Manchester United
21/22,Premier League,03/12/2022,Manchester United
21/22,Premier League,03/12/2022,Manchester United
21/22,Premier League,03/12/2022,Manchester United
21/22,Premier League,4/16/2022,Manchester United
21/22,Premier League,4/16/2022,Manchester United
21/22,Premier League,4/16/2022,Manchester United
21/22,Premier League,4/23/2022,Manchester United
21/22,Premier League,4/28/2022,Manchester United
21/22,Premier League,05/02/2022,Manchester United
22/23,Europa League,9/15/2022,Manchester United
22/23,Premier League,10/9/2022,Manchester United
22/23,Europa League,10/27/2022,Manchester United
